name,city_origin,cellphone_number,gender,instagram
Alasteir Websdale,Volokolamsk,669-705-1913,Male,awebsdale0
Rafaello Shercliff,Chuantang,431-147-1802,Bigender,rshercliff1
Anni Elliss,Banqiao,996-332-5136,Female,aelliss2
Moria Garrique,Dabat,997-935-3860,Female,mgarrique3
Rutherford Witty,Pasirhuni,931-217-4640,Male,rwitty4
Maison Birt,Ban Mai,554-608-0513,Male,mbirt5
Delinda Gatman,Koatas Lao,295-787-8990,Female,dgatman6
Juliet Ludee,Villa del Rosario,263-366-7568,Female,jludee7
Celle Lander,Hanchang,577-887-2322,Polygender,clander8
Harper Colafate,Dangbigih,818-121-4011,Male,hcolafate9
Liza Phelipeaux,Chicago,312-749-2512,Female,lphelipeauxa
Sheridan Rousel,Ridder,532-197-3106,Genderqueer,srouselb
Reginald Cockland,Xiashan,318-388-0903,Male,rcocklandc
Bill Chaikovski,Borovskoy,917-743-3855,Male,bchaikovskid
Deonne Mitchall,Ala-Buka,275-413-8520,Female,dmitchalle
Donnie Giacovelli,Nakhon Pathom,367-458-7560,Agender,dgiacovellif
Jeth Cicerone,Dongguang,234-548-5967,Male,jciceroneg
Cherida Vedenichev,Baoshui,724-631-3978,Female,cvedenichevh
Brennan Lamport,Jiaojie,226-996-9690,Male,blamporti
Abramo Sholem,Floda,975-133-0484,Male,asholemj
Keary Walling,Ocala,352-116-2311,Male,kwallingk
Haroun Lowings,Maubasa,146-147-4771,Male,hlowingsl
Milena Metson,Troitskaya,633-636-1032,Female,mmetsonm
Averil Shelliday,Ludza,512-229-7884,Female,ashellidayn
Hillard Darcy,Inhambupe,387-580-5498,Male,hdarcyo
Nickolai Riggoll,Uničov,828-412-3612,Male,nriggollp
Cynthea Iwanicki,Tetaf,268-913-5516,Female,ciwanickiq
Merilyn Bessell,Barranco de Loba,130-376-5738,Female,mbessellr
Milli Hinkens,Vila Verde,843-207-6180,Female,mhinkenss
Ware Waind,Anding,674-902-5263,Male,wwaindt
Benjamin Hyland,Zhu’ao,478-214-4428,Male,bhylandu
Ulysses Abilowitz,Yalkhoy-Mokhk,573-447-6235,Male,uabilowitzv
Stan Maddinon,Antipolo,962-150-0341,Male,smaddinonw
Roarke Humes,Yanyang,156-876-7152,Male,rhumesx
Briana Klaffs,Jianping,464-521-9279,Bigender,bklaffsy
Kalina Maxworthy,Siraway,470-514-0775,Female,kmaxworthyz
Mychal Coonihan,Niort,244-468-0674,Male,mcoonihan10
Mano Adamson,Santa Cruz Balanyá,573-739-7832,Male,madamson11
Ira Kleinlerer,Vostryakovo,410-794-4489,Male,ikleinlerer12
Thomasa Muselli,Pizarro,667-136-7542,Female,tmuselli13
Gabie Woolham,Trá Mhór,647-885-8030,Male,gwoolham14
Chrysler Enrico,Leiguan,478-459-2609,Female,cenrico15
Kendre McGrah,Salto,487-962-0451,Female,kmcgrah16
Christel Baldetti,Wolomoni,493-489-2426,Female,cbaldetti17
Laney Kiehne,Antwerpen,173-954-7880,Female,lkiehne18
Bendicty Darleston,Yangping,765-457-0112,Male,bdarleston19
Arleyne Kirkam,Sar Chakān,359-778-1291,Female,akirkam1a
Sofia Hall,Ojos de Agua,277-179-4271,Female,shall1b
Burg Arias,Essen,929-413-5121,Male,barias1c
Aguistin Grahl,Kaingiwa,547-596-7458,Male,agrahl1d
Sharl MacLaren,Jelcz,438-973-4285,Female,smaclaren1e
Dwayne Brocks,Dalupaon,972-573-5677,Male,dbrocks1f
Alistair Bishopp,Cotabambas,625-165-2920,Male,abishopp1g
Palmer Wilcott,Zator,105-450-0069,Male,pwilcott1h
Lorenzo Nowill,Viengxay,943-586-5824,Male,lnowill1i
Aloise Rouby,Tabālah,749-415-4792,Female,arouby1j
Jori Gallard,Ngala,223-406-5212,Female,jgallard1k
Boony Caisley,Laramate,895-830-6863,Male,bcaisley1l
Harley Chastand,North Shore,709-414-6785,Female,hchastand1m
Samara Meert,Nicolet,233-760-6827,Female,smeert1n
Cordi Sprason,Henghe,225-119-0791,Female,csprason1o
Alvis Richfield,Kangar,106-859-9705,Male,arichfield1p
Gustavus Oxenford,Itororó,453-432-4665,Male,goxenford1q
Talia Endecott,Tomar,399-533-7936,Genderfluid,tendecott1r
Sargent Dungay,Przelewice,725-186-9839,Genderqueer,sdungay1s
Thadeus Nottram,Doblas,112-222-3619,Genderfluid,tnottram1t
Cosimo Reignard,Pang,487-809-7830,Male,creignard1u
Dacey Rowthorn,Wanjiazhuang,949-314-0402,Genderqueer,drowthorn1v
Courtenay Sinney,Churubamba,442-737-8700,Female,csinney1w
Daryl Silby,Kabanga,499-896-6837,Female,dsilby1x
Lindsey Valsler,Sāqayn,286-319-6636,Female,lvalsler1y
Natty Spencelayh,Brody,475-358-0810,Female,nspencelayh1z
Dominique Klemt,Hamonggolele,591-497-1662,Male,dklemt20
Gaultiero Letterick,Santo Anastácio,717-891-8958,Male,gletterick21
Thorstein Bake,Girijaya,974-510-2280,Male,tbake22
June McCurtin,Mulyosari,922-273-1116,Female,jmccurtin23
Druci Brommage,Oeleu,301-937-6403,Female,dbrommage24
Maxie Leamon,Santiago de Cao,825-147-7669,Male,mleamon25
Kalli Joiner,Las Garcitas,405-628-9036,Non-binary,kjoiner26
Leif Lammerts,Iwatsuki,663-625-5391,Male,llammerts27
Kip Pummell,Kryvyy Rih,722-309-6471,Male,kpummell28
Jojo Fuchs,Suncheon,395-448-0965,Female,jfuchs29
Nanny Kilbourne,Xiadingjia,555-955-8789,Female,nkilbourne2a
Tatiania Fincher,Pilcaniyeu,485-455-7681,Genderqueer,tfincher2b
Garik Lawless,Jinfeng,490-516-6992,Male,glawless2c
Urson Hawtry,Las Palmas,457-837-4808,Male,uhawtry2d
Eolanda Walthew,Niihama,617-400-9109,Female,ewalthew2e
Swen Sachno,Meizhuang,300-376-2948,Male,ssachno2f
Josepha Skingle,Nossebro,625-647-6537,Female,jskingle2g
Lucian Haggar,Chile Chico,220-789-4309,Male,lhaggar2h
Raquel Pagin,Liuji,588-214-7158,Female,rpagin2i
Sigfrid Pittaway,San Julian,176-907-0353,Male,spittaway2j
Guss Elsmore,Aminga,520-835-3366,Male,gelsmore2k
Jamill Carreyette,Huochezhan,421-680-7098,Male,jcarreyette2l
Tait Mintoft,Abucay,825-155-5386,Male,tmintoft2m
Tracy Cusack,Xuguang,103-484-0856,Male,tcusack2n
Shaw Gregorace,Benito Juarez,380-576-5184,Non-binary,sgregorace2o
Guthry Cousen,Açu,817-213-6187,Male,gcousen2p
Pernell Clawe,Dajanrurung,590-236-0233,Male,pclawe2q
Sutherlan Wagnerin,Hanchang,965-735-5834,Genderqueer,swagnerin2r
Benedicto Klimshuk,Şaydnāyā,707-929-3243,Non-binary,bklimshuk2s
Bobbie Ryde,Huangtian,981-438-5216,Agender,bryde2t
Karoly Rogeon,Nāḩiyat Alī ash Sharqī,355-661-7947,Bigender,krogeon2u
Edlin Cameron,Ciechanowiec,425-630-0497,Male,ecameron2v
Yankee Berr,Drawno,226-835-5263,Male,yberr2w
Tulley Mulroy,Taurija,533-982-5511,Male,tmulroy2x
Holmes Leffek,Anna Regina,113-522-4575,Male,hleffek2y
Carma Meriguet,Ōnojō,406-549-3486,Female,cmeriguet2z
Nanette Gault,Sukawening,285-313-0804,Female,ngault30
Mar Noice,Mengzhai,159-875-9879,Male,mnoice31
Paxton Downage,Taganskiy,557-717-3692,Male,pdownage32
Roderic Shelbourne,Leudelange,618-245-7695,Male,rshelbourne33
Merry Allsep,Manika,297-625-1627,Female,mallsep34
Annie Meekin,Flores da Cunha,949-562-3661,Female,ameekin35
Charles Manilove,Iracemápolis,542-431-8278,Non-binary,cmanilove36
June Skellorne,Puan,822-523-8566,Female,jskellorne37
Margy Chaplyn,Épinal,242-669-7752,Female,mchaplyn38
Timoteo Loveguard,Fufang,901-645-8325,Male,tloveguard39
Tremaine Greed,Shalkar,848-487-1193,Male,tgreed3a
Brooks Mochan,Imaan,234-808-0683,Male,bmochan3b
Ashlie Vockings,Pittsburgh,-354-4407,Female,avockings3c
Jemie Mularkey,Arzakan,619-593-4698,Agender,jmularkey3d
Morgun Vannikov,Fort Worth,682-873-8396,Male,mvannikov3e
Georges Cartledge,Stockholm,164-378-4736,Male,gcartledge3f
Federica Churm,Lahar,483-201-1800,Female,fchurm3g
Perri Tuttle,Muladbucad,819-230-8080,Genderfluid,ptuttle3h
Harri Treves,Gomel,637-430-0767,Non-binary,htreves3i
Gerrilee Sibbit,Örebro,222-641-6967,Female,gsibbit3j
Emmanuel Weaben,Koumac,406-376-6184,Male,eweaben3k
Kiah Gleeson,Krupka,926-681-3625,Female,kgleeson3l
Rubetta Pitfield,Jelat,431-341-6929,Female,rpitfield3m
Lester Fruchter,Shiqiao,551-582-7460,Male,lfruchter3n
Claudine Alves,Senekal,189-471-1632,Female,calves3o
Morganne Moreno,Gamay,454-721-5588,Female,mmoreno3p
Dorette Lowne,Tolosa,538-963-6870,Female,dlowne3q
Blakeley Scandrick,Guinabsan,523-607-3159,Female,bscandrick3r
Quentin Cobon,La Labor,794-253-8746,Male,qcobon3s
Stevie Saddleton,Quyangqiao,205-311-0520,Male,ssaddleton3t
Cathlene Creese,Huajlaya,579-681-3267,Female,ccreese3u
Hank Fisk,Stockholm,176-604-6478,Male,hfisk3v
Ambrosi Digance,Blois,115-117-1390,Male,adigance3w
Claudian Yankishin,Kongjiang,226-622-6586,Male,cyankishin3x
Hieronymus Goullee,Pasirjaya,247-345-6259,Male,hgoullee3y
Arnold Newsome,Zilang,522-571-8892,Male,anewsome3z
Darrell Hynd,Meixi,623-824-3060,Male,dhynd40
Aleda Sangwine,Palaió Fáliro,252-449-9436,Female,asangwine41
Ava Gladman,Shenwan,351-998-2368,Polygender,agladman42
Harri Slixby,Yaodu,719-798-0623,Female,hslixby43
Maurie Foster,Da’an,611-288-9129,Male,mfoster44
Rory Guinery,Slobozia,949-986-5501,Agender,rguinery45
Erl Leyre,Apače,954-165-9989,Male,eleyre46
Alvera Cullnean,Chiriguaná,958-249-9476,Female,acullnean47
Goddard Rabidge,Радовиш,549-442-7907,Male,grabidge48
Daniela Loughrey,Umeå,246-204-1222,Female,dloughrey49
Tibold Barrat,Venëv,552-227-6553,Male,tbarrat4a
Nissy Lovell,Privolzhskiy,496-588-2324,Female,nlovell4b
Darrick Huske,Paitan Este,223-426-4785,Male,dhuske4c
Lenard Brewer,Fuxi,996-824-4320,Male,lbrewer4d
Ada Goosnell,San Miguel,334-108-5759,Female,agoosnell4e
Thalia Ashington,Mariestad,518-569-4767,Female,tashington4f
Erl Giacubbo,Zarya,822-368-4035,Bigender,egiacubbo4g
Phillipe Klimczak,Hobart,244-421-5280,Male,pklimczak4h
Coraline Clewett,Paso de Carrasco,268-560-3947,Agender,cclewett4i
Elsa Robilliard,Vailoa,243-923-0885,Female,erobilliard4j
Franciskus le Keux,Sarzedo,377-850-6339,Male,fle4k
Karylin Kail,Koski Tl,956-672-0013,Female,kkail4l
Vladimir Andreasen,København,564-127-0685,Male,vandreasen4m
Zora Castilla,Mgachi,590-559-3728,Female,zcastilla4n
Guthry Edmund,Iranduba,245-511-9641,Male,gedmund4o
Lorry Spraggon,Xin’andu,259-778-9065,Female,lspraggon4p
Scot Cashell,Macatuba,495-275-4481,Non-binary,scashell4q
Di Friberg,Feni,406-376-9367,Female,dfriberg4r
Zondra Mungan,Norabats’,128-130-7706,Female,zmungan4s
Tomkin Tregidgo,Payxambabazar,577-504-6085,Male,ttregidgo4t
Allin Ramsier,Spandaryan,415-645-4428,Male,aramsier4u
Bax Birchenough,Bachowice,615-502-3648,Male,bbirchenough4v
Hallie Hallor,Debe,119-541-7137,Female,hhallor4w
Klaus Heakins,Camperdown,400-982-6684,Male,kheakins4x
Brendin Bulstrode,Oromocto,398-279-8210,Male,bbulstrode4y
Salvidor Eltringham,Parabcan,174-807-6727,Male,seltringham4z
Christian Ladyman,Norrköping,945-287-0908,Male,cladyman50
Reuven Peacop,Montpellier,316-957-9463,Male,rpeacop51
Allys Westlake,Smolenskoye,699-994-6381,Female,awestlake52
Seymour MacCleod,Saýat,258-455-3181,Male,smaccleod53
Hardy Wennam,Rucheng Chengguanzhen,674-928-0863,Male,hwennam54
Elroy Simonini,Banggel,202-549-5768,Male,esimonini55
Skell Hundell,Daultāla,469-294-0030,Male,shundell56
Raimund Averay,Puente Alto,428-744-6212,Male,raveray57
Smitty Hackforth,Khantaghy,255-825-2266,Male,shackforth58
Rochester Helkin,Zhoujiang,914-822-8357,Male,rhelkin59
Catharine Durtnal,Caen,699-591-1963,Genderfluid,cdurtnal5a
Petr Grafhom,Wako,143-875-1420,Male,pgrafhom5b
Gay McMeanma,Cabrela,701-862-5311,Female,gmcmeanma5c
Bartholomeo Hamblen,Yili,185-111-7311,Male,bhamblen5d
Rodolfo Ganforthe,El Fahs,232-381-0334,Male,rganforthe5e
Jane Denver,Zhifudao,759-251-6254,Female,jdenver5f
Ariana Elkins,Ķegums,576-739-5077,Female,aelkins5g
Elfie Gynni,Tarbes,650-880-7951,Female,egynni5h
Ethelbert Joubert,Taipei,515-692-4543,Male,ejoubert5i
Willetta Firminger,Ikoma,536-437-1101,Female,wfirminger5j
Verna Climar,Huayang,553-536-7395,Female,vclimar5k
Ester Poland,Psychikó,135-724-1269,Female,epoland5l
Maryann Causley,Rifu,911-494-0785,Female,mcausley5m
Dilly Gasnell,Huangqiao,397-559-4412,Male,dgasnell5n
Renault Anstis,Idkū,768-955-3985,Male,ranstis5o
Andres De Angelo,Duanjia,653-427-1386,Male,ade5p
Yulma Ubee,Gaozhuang,705-814-7623,Male,yubee5q
Galen Conelly,Espargos,839-652-7442,Male,gconelly5r
Tiff Jirieck,San Antonio,303-404-2807,Female,tjirieck5s
Lori Edmunds,Zoumachang,266-765-9873,Female,ledmunds5t
Brandice Begin,Misawa,525-280-4519,Female,bbegin5u
Benyamin Rilston,Longquan,612-850-8185,Male,brilston5v
Micky Eakin,San Lucas Tolimán,567-121-3169,Female,meakin5w
Dode Comazzo,Stepnica,701-483-3570,Female,dcomazzo5x
Keelia Sturmey,Santa Cruz del Norte,695-296-6747,Female,ksturmey5y
Celestina Hughf,Jichang,616-325-4360,Female,chughf5z
Cathrine Autrie,Karangmelok,832-203-7264,Female,cautrie60
Hannis Bamfield,Ballylinan,528-285-5775,Female,hbamfield61
Keane Muckersie,Pidvynohradiv,240-386-4678,Male,kmuckersie62
Mateo Kienl,Knin,353-203-6020,Male,mkienl63
Marga Godly,Cibaregbeg,833-714-8604,Female,mgodly64
Ingram Pfaff,Koronganayam,670-565-3858,Male,ipfaff65
Jilly Yakunin,Kotabaru,384-845-5417,Polygender,jyakunin66
Joseph Bengle,Alor Setar,184-195-9427,Male,jbengle67
Theo Lendrem,Biguaçu,613-501-0863,Male,tlendrem68
Chandal Cuxson,Chaves,692-731-7304,Bigender,ccuxson69
Leonelle Ricards,Toledo,419-418-2239,Female,lricards6a
Terri Kantor,Prigi,368-289-6975,Female,tkantor6b
Fiorenze Beiderbeck,Laibin,726-787-5116,Female,fbeiderbeck6c
Emyle Cleaves,Litvínov,986-658-8132,Female,ecleaves6d
Shawn Sinnie,Turba,971-315-0010,Male,ssinnie6e
Carmel Marde,Cap Malheureux,691-321-4585,Female,cmarde6f
Arri Duhig,Saryaghash,654-432-9366,Male,aduhig6g
Minette Di Bartolomeo,Shuntian,919-369-1762,Female,mdi6h
Erda Wartnaby,Tromsø,995-415-1802,Female,ewartnaby6i
Julian Gallehock,Novo Cruzeiro,456-676-9083,Male,jgallehock6j
Vonny Beadnell,Katima Mulilo,880-220-2634,Female,vbeadnell6k
Rosalia Tappin,Acacías,875-799-4658,Female,rtappin6l
Sheila Redford,Söderhamn,119-989-1713,Female,sredford6m
Iseabal Sabathier,Santo Amaro da Imperatriz,196-261-8028,Female,isabathier6n
Rebecka Seager,Añatuya,612-952-6334,Female,rseager6o
Hinda Popeley,Sandy Bay,813-250-1955,Female,hpopeley6p
Cullin Sharpin,Binulasan,490-218-8058,Male,csharpin6q
Fred MacDonogh,Maraã,141-159-4753,Female,fmacdonogh6r
Glynn Irnys,Horad Krychaw,279-960-6172,Genderfluid,girnys6s
Jody Sams,Vale,226-172-4718,Female,jsams6t
Tris Doswell,Xiaofayi,933-586-0641,Male,tdoswell6u
Emmery MacGebenay,Ágios Pétros,182-587-1356,Male,emacgebenay6v
Audrey Gostick,Västerås,734-674-5416,Female,agostick6w
Jeanelle Ferguson,El Calafate,932-816-4398,Female,jferguson6x
Ileana Kinsett,Progreso,459-493-2376,Female,ikinsett6y
Bibbye Stroobant,Paris 19,618-758-9614,Female,bstroobant6z
Faustine Milroy,Benito Juarez,453-724-6274,Female,fmilroy70
Fraze Jarrad,Noen Maprang,652-460-4228,Male,fjarrad71
Maighdiln Putten,Shemursha,398-140-0944,Female,mputten72
Keri Zappel,Pulaupanggung,594-757-2299,Female,kzappel73
Emmanuel O' Hanvey,Thymianá,429-222-6274,Male,eo74
Leighton Devenish,Houston,713-865-0216,Male,ldevenish75
Maryanna Steart,Rio de Mouro,793-817-0417,Female,msteart76
Katti Hanlon,Bajiazi,567-305-4671,Female,khanlon77
Zelig Adanez,Mozirje,453-728-4193,Male,zadanez78
Keary Livermore,Lages,710-364-9812,Polygender,klivermore79
Harcourt Pollastrino,Chernogorsk,877-708-6479,Male,hpollastrino7a
Stormie Hussell,Xinfu,271-882-4908,Female,shussell7b
Saleem Summerley,Aibura,695-635-6909,Male,ssummerley7c
Osbourn Sargood,Qiucun,500-701-4117,Genderfluid,osargood7d
Diana Woolliams,Gangmian,829-130-8719,Female,dwoolliams7e
Hedwig Stowell,Babak,567-862-6870,Female,hstowell7f
Evy Corneil,Hongxing,543-220-2084,Female,ecorneil7g
Pascale Moth,Bual,104-662-9922,Male,pmoth7h
Richart Dermott,Olofström,929-993-6360,Male,rdermott7i
Tiff Sommerfeld,Colón,606-504-4264,Agender,tsommerfeld7j
Lanita Asken,Tianzishan,564-249-0818,Female,lasken7k
Erminie Kless,Wichita,316-225-1417,Female,ekless7l
Mohandis Bondy,Geshan,286-777-4416,Male,mbondy7m
Corilla Sarath,Ikhtiman,814-705-0017,Female,csarath7n
Lexie Pietrowicz,Challhuahuacho,830-355-3083,Female,lpietrowicz7o
Randi Grote,Chibombo,383-481-9811,Male,rgrote7p
Chaim Hendrickson,Pakel,673-448-6877,Male,chendrickson7q
Marcel Gregoretti,Rancabelut,281-721-3086,Male,mgregoretti7r
Delphine Broad,Wisznice,504-118-0673,Female,dbroad7s
Rebe Cottesford,Skhodnya,745-658-7071,Female,rcottesford7t
Erik Asey,Camiri,133-382-8731,Male,easey7u
Filberte Gethins,San Pedro,338-234-7973,Male,fgethins7v
Nickola Chilley,Lac La Biche,966-857-7027,Male,nchilley7w
Myrtice Hawler,Dongping,317-581-4389,Female,mhawler7x
Trevar Crankshaw,Da’an,159-231-1612,Male,tcrankshaw7y
Gracia Brogan,Gevgelija,646-394-0797,Female,gbrogan7z
Rakel Bick,Marsaxlokk,280-613-9365,Female,rbick80
Lorena Beardwood,Niort,402-505-1664,Female,lbeardwood81
Claudia Ridges,Đắk Mil,980-295-1747,Female,cridges82
Knox Screech,Limenária,421-746-2553,Male,kscreech83
Cass Stigell,Fuwah,644-919-4548,Male,cstigell84
Aurlie Birtchnell,Santo Niño,672-112-9978,Female,abirtchnell85
Farr Collings,Staraya Stanitsa,662-978-5880,Male,fcollings86
Jodie Hutchings,Samannūd,506-406-8409,Male,jhutchings87
Zorana Landsberg,Jishu,364-759-8273,Genderfluid,zlandsberg88
Grange Strangeways,Zhongshu,128-210-8165,Male,gstrangeways89
Johannes Orrin,Volosovo,519-325-8797,Male,jorrin8a
Charlotte Dobrowski,Taibai,608-605-4969,Female,cdobrowski8b
Ofella Baversor,Saint-Gratien,299-256-8343,Female,obaversor8c
Rabbi Percifer,Bestovje,137-144-2931,Male,rpercifer8d
Hilario Leverette,Yangmaogong,801-530-6630,Non-binary,hleverette8e
Clevie Pyrton,Armash,923-414-6560,Male,cpyrton8f
Umberto Boustead,Bual,916-751-1822,Male,uboustead8g
Pavia Itschakov,Lederaba,959-170-4693,Female,pitschakov8h
Jacquelyn Gallymore,Al Fandaqūmīyah,546-661-1875,Polygender,jgallymore8i
Northrup Sandal,Bajina Bašta,582-614-4132,Male,nsandal8j
Boycie Lethby,Cibaregbeg,330-926-5283,Male,blethby8k
Clare Hailston,Koramlik,838-383-5535,Female,chailston8l
Chalmers Patis,Wudabao,829-179-3968,Male,cpatis8m
Lynnett Winterborne,Banarankrajan,411-904-3413,Female,lwinterborne8n
Morgan Sibbons,Brusyanka,390-794-4587,Female,msibbons8o
Arte Axston,Khān Yūnis,508-111-0925,Genderqueer,aaxston8p
Kali Turney,Al Bawīţī,899-604-8377,Female,kturney8q
Cory McKerron,Itigi,823-929-6723,Female,cmckerron8r
Valaree Stiff,Maoshan,428-929-0236,Female,vstiff8s
Mac Stanlike,Batulawang,594-519-6791,Male,mstanlike8t
Archibold Fletcher,Dambořice,894-711-4039,Bigender,afletcher8u
Farra Morphew,Barubandung,297-772-6058,Female,fmorphew8v
Faydra Roscamps,Luján de Cuyo,970-866-3872,Female,froscamps8w
Beitris Olyfant,Hrochův Týnec,950-932-0868,Female,bolyfant8x
Dael Rutigliano,Condong,998-608-6729,Male,drutigliano8y
Isadora Pietruszewicz,Yakimovo,521-518-6629,Female,ipietruszewicz8z
Tedda Breitler,Varpaisjärvi,876-361-4761,Female,tbreitler90
Saloma Marvelley,Daqiao,682-279-1507,Female,smarvelley91
Letty Mawdsley,Anding,332-420-2825,Female,lmawdsley92
Germaine Lowndes,Pigeiros,546-250-2052,Genderfluid,glowndes93
Chanda Graith,Sucha,956-399-0606,Female,cgraith94
Loretta Pitceathly,Polloc,790-730-1666,Female,lpitceathly95
Richie Arnefield,Gondanglegi Wetan,310-132-8035,Polygender,rarnefield96
Burt Spencock,Markaz al Marīr,961-981-1549,Polygender,bspencock97
Sylvia Vala,Rozhniv,599-680-5360,Female,svala98
Nertie Gallihaulk,Caratinga,605-242-1712,Female,ngallihaulk99
Marcel Parell,El Paso,915-181-4303,Male,mparell9a
Cass Pinhorn,Drammen,964-556-4003,Male,cpinhorn9b
Liliane Jilkes,San Pablo,234-886-4990,Female,ljilkes9c
Hobie Pladen,Susanino,246-442-3988,Male,hpladen9d
Simmonds Margach,Dogarmo,691-152-8806,Male,smargach9e
Harlen Shakespear,Moyuan,777-841-7651,Male,hshakespear9f
Gare Maxwale,Petrovo-Dal’neye,203-719-8408,Male,gmaxwale9g
Connie Broggio,San Rafael,346-981-5154,Male,cbroggio9h
Yettie Lunney,Independencia,765-945-2383,Female,ylunney9i
Cati Stickings,Chelopech,575-578-4629,Female,cstickings9j
Ruggiero Glasheen,Jaworzynka,987-826-1961,Male,rglasheen9k
Falito Ginger,Villeneuve-lès-Avignon,185-949-8954,Male,fginger9l
Delmor Lots,Jiangshan,106-250-3063,Male,dlots9m
Lanie Robroe,Rzhev,445-719-3054,Male,lrobroe9n
Jane Missington,Dagestanskiye Ogni,405-476-6030,Female,jmissington9o
Cyril Bolmann,Ballybofey,459-945-7069,Male,cbolmann9p
Jerry Hankard,Sokołów Podlaski,393-364-3690,Genderfluid,jhankard9q
Jemimah Ruvel,Fukadale,902-813-0919,Bigender,jruvel9r
Erena Bate,Hongcheng,805-135-8251,Female,ebate9s
Foss Giovannacci,Yengimahalla,851-292-2617,Male,fgiovannacci9t
Alfie Jiggens,Gorelki,803-773-3201,Male,ajiggens9u
Elka Ivens,Douane,731-386-5964,Female,eivens9v
Ethelbert Wetherburn,Clichy,934-503-1555,Male,ewetherburn9w
Archaimbaud Brimman,Lubrza,497-856-5629,Male,abrimman9x
Ulrica Lampkin,Przemków,938-113-8435,Female,ulampkin9y
Roxanna Laight,Tiko,136-303-6775,Female,rlaight9z
Killy Gethins,Qinggou,542-431-3220,Male,kgethinsa0
Sigismundo Rutigliano,Molodizhne,615-612-3874,Male,srutiglianoa1
Cassie O'Cannavan,Umuahia,284-105-4026,Female,cocannavana2
Hewitt Turneux,Pengandonan,484-511-1620,Male,hturneuxa3
Cammy Dodgson,Trondheim,558-490-8064,Male,cdodgsona4
Laurie Treves,Paris La Défense,911-467-8187,Female,ltrevesa5
Zaria Tidey,Fernández,863-391-4023,Female,ztideya6
Mendy Mc-Kerley,Jönköping,658-483-1191,Male,mmckerleya7
Sigfrid Sloley,Talavera,624-614-8122,Male,ssloleya8
Hilton Burdfield,Zinder,279-295-2738,Male,hburdfielda9
Burtie Logsdale,Mikuni,770-953-0984,Male,blogsdaleaa
Dareen Millar,Moss,567-422-0273,Female,dmillarab
Rance Leffek,Lindi,657-100-8449,Male,rleffekac
Lynsey Luker,Chilecito,164-289-5097,Female,llukerad
Adamo McIndrew,Maroa,473-497-7986,Male,amcindrewae
Franciskus Otham,Jargalant,448-632-4981,Male,fothamaf
Doralia Chaman,Francisco I Madero,299-897-7826,Female,dchamanag
Hillard Epton,Wieczfnia Kościelna,261-778-1096,Male,heptonah
Paulette Mulrenan,Zborište,243-296-9751,Female,pmulrenanai
Marcelo Del Castello,Rancanyenang,658-530-8726,Male,mdelaj
Tiffi Lowder,Puncakbaru,462-143-3204,Female,tlowderak
Jacklyn Bagwell,Sandu,312-322-9386,Female,jbagwellal
Tamra Barock,Cipolletti,312-127-4861,Female,tbarockam
Reilly Bonafacino,Yinkeng,367-771-9512,Male,rbonafacinoan
Thaddeus Cratere,Kadaka,872-452-2703,Male,tcratereao
Hazlett Olyet,Kerrobert,355-760-2607,Male,holyetap
Lorant McVittie,Nouaseur,983-144-5468,Male,lmcvittieaq
Marys Smitherham,Aime,491-464-4555,Female,msmitherhamar
Durand Honack,Farranacoush,686-263-7060,Male,dhonackas
Coraline Tideswell,Digne-les-Bains,139-980-8101,Female,ctideswellat
Marmaduke MacIlwrick,Nyapar,603-114-4664,Male,mmacilwrickau
Zebadiah Omand,Gaocheng,334-433-7710,Male,zomandav
Peggi Rickert,Bordeaux,968-985-0654,Female,prickertaw
Gaven Blaber,Ñuñoa,818-682-0161,Male,gblaberax
Maxy Faherty,Cabanbanan,341-511-4201,Female,mfahertyay
Shaun Pettko,Şirvan,263-242-0351,Female,spettkoaz
Kaspar Saile,Sacanta,232-319-7701,Non-binary,ksaileb0
Lynde Ridger,Famagusta,428-122-8229,Female,lridgerb1
Baillie Ogley,Perepravnaya,225-129-7368,Genderfluid,bogleyb2
Tandi Maidlow,Espinal,146-684-4372,Female,tmaidlowb3
Enrichetta Shone,Strasbourg,832-436-2390,Female,eshoneb4
Saunderson Wehner,El Quebrachal,211-817-1967,Male,swehnerb5
Sayres Dupre,Bartošovice,566-425-2065,Male,sdupreb6
Nolana Castellan,Spasskoye-Lutovinovo,352-807-1807,Female,ncastellanb7
Willyt Philbin,Santa Maria do Souto,834-354-5596,Female,wphilbinb8
Herold Mettrick,Piraí do Sul,694-184-7882,Male,hmettrickb9
Giavani Hatchard,Cabeçudos,961-882-4105,Male,ghatchardba
Kort Moreman,Ropa,333-905-5452,Male,kmoremanbb
Tasha Squier,Kedawung,186-667-8380,Female,tsquierbc
Valencia Slinger,Dailekh,900-908-1830,Female,vslingerbd
Barnebas Ogdahl,Taquaritinga,882-739-5811,Male,bogdahlbe
Jeff Durand,Yebaishou,172-625-9782,Male,jdurandbf
Loraine Ruoss,La Hacienda,191-639-9074,Genderqueer,lruossbg
Carmelia Bellward,Dazhongzhuang,606-948-7981,Agender,cbellwardbh
Fee Hosburn,Gengqing,443-268-0660,Male,fhosburnbi
Chery Spears,Taibao,519-578-6215,Female,cspearsbj
Ludvig Frail,Kayima,271-845-3472,Male,lfrailbk
Laraine Moizer,Yihe,173-149-5606,Female,lmoizerbl
Shay Hush,Zarichchya,640-405-5330,Male,shushbm
Keelia Bride,Bergville,310-727-9036,Genderfluid,kbridebn
Josefa Despenser,Dingshan,382-419-2373,Female,jdespenserbo
Josiah Pietz,Makhalino,174-170-9744,Male,jpietzbp
Rae Durnall,Norsborg,714-412-7405,Female,rdurnallbq
Emelia Shoutt,Santiago De Compostela,634-928-6045,Female,eshouttbr
Bobina Ovenell,Nakhon Pathom,657-614-4708,Female,bovenellbs
Laurens Jope,Kalian,736-264-1588,Male,ljopebt
Bartlet Normant,Minneapolis,612-580-8607,Male,bnormantbu
Laughton Aldwich,Bourg-en-Bresse,259-157-4672,Male,laldwichbv
Dulce Fantham,Karis,794-680-0803,Agender,dfanthambw
Garrot Gutowski,Beima,165-765-0336,Male,ggutowskibx
Averell Cool,Novokayakent,789-956-6709,Male,acoolby
Nickolai Ralphs,Sidomulyo,575-351-0003,Male,nralphsbz
Tori Wingar,Asunción Mita,551-251-1341,Female,twingarc0
Ced Shewring,Tijucas,536-775-0624,Male,cshewringc1
Amii Iston,Tanguiéta,185-931-8114,Genderqueer,aistonc2
Shani Sholem,Épinal,543-806-0205,Female,ssholemc3
Josephina Janosevic,Kebonkalapa,862-964-4554,Female,jjanosevicc4
Hillyer Kaman,Barg-e Matāl,966-630-5874,Genderfluid,hkamanc5
Rena O'Dunniom,Binalbagan,487-778-6736,Female,rodunniomc6
Tomasina Kubicki,Mohammedia,244-351-0718,Female,tkubickic7
Cesare O' Mahony,Libertad,520-898-5613,Male,coc8
Shelbi Straine,Quintã,451-591-4582,Genderfluid,sstrainec9
Verney Laffin,Azinhal,772-783-5236,Male,vlaffinca
Waverly Keig,Vitry-sur-Seine,600-706-0466,Male,wkeigcb
Prinz Ashfield,Pankrushikha,868-324-4545,Male,pashfieldcc
Mayer Ivanusyev,Bagusan,862-245-2797,Male,mivanusyevcd
Paxton Helian,Além Paraíba,664-788-8840,Male,pheliance
Malissa Tupman,New York City,718-989-0087,Female,mtupmancf
Ivonne Braine,Shenglilu,852-545-3852,Female,ibrainecg
Jsandye Bosomworth,Faaone,839-133-8559,Female,jbosomworthch
Hilario Abbot,Talabaan,828-694-6572,Male,habbotci
Millard Tripney,Angelochóri,569-948-0031,Genderqueer,mtripneycj
Stefania Farmiloe,Sławoborze,215-394-3265,Female,sfarmiloeck
Aldo Evison,Youxi,931-523-8775,Genderfluid,aevisoncl
Bethanne Myring,Brejo da Madre de Deus,213-717-1457,Female,bmyringcm
Ellis Vanderplas,Nixi,195-259-3543,Male,evanderplascn
Katheryn Daglish,Cihambali,626-955-0221,Female,kdaglishco
Archibold Kennally,Qianying,501-507-3682,Male,akennallycp
Vivianna McClifferty,Hägersten,782-161-6139,Female,vmccliffertycq
Clarice Chominski,Mohoro,382-426-2549,Female,cchominskicr
Avril Coomber,Saharna,692-193-5472,Female,acoombercs
Helga Odby,Itako,794-834-5210,Female,hodbyct
Hyacinth Beedell,Renhe,701-704-0492,Female,hbeedellcu
Regine Caldecot,Igbo-Ukwu,836-365-1648,Female,rcaldecotcv
Cathy Sooley,Baitang,764-276-2322,Female,csooleycw
Krystalle Adamec,Gedangan,447-800-8303,Female,kadameccx
Mace Orgee,San Fernando,116-707-5505,Male,morgeecy
Agustin Methringham,Dong’ao,702-275-4413,Male,amethringhamcz
Bryn Barabisch,Taldan,292-733-0910,Female,bbarabischd0
Ashby Broinlich,Chenyangzhai,593-802-5394,Male,abroinlichd1
Fara Tingcomb,Heydərabad,835-684-7804,Female,ftingcombd2
Joanne Larrie,Nobinobi,538-397-0452,Female,jlarried3
Gill Bottelstone,Rainis,761-952-5312,Male,gbottelstoned4
Miriam Longmuir,Beitai,644-104-9640,Female,mlongmuird5
Cynthia Tal,Petrodvorets,430-754-2820,Female,ctald6
Sloane Tschiersch,Qiaoxia,880-822-5868,Genderfluid,stschierschd7
Cherish Rapier,Uppsala,641-957-4614,Female,crapierd8
Katharina Fain,Idi Iroko,531-341-2103,Female,kfaind9
Harman McGrale,Volzhskiy,474-878-4066,Male,hmcgraleda
Cy Eglise,Edissiya,213-348-0263,Male,ceglisedb
Freeland Fieldstone,Ljusdal,334-156-7315,Male,ffieldstonedc
Bevon Jaquin,Mikhnëvo,136-928-9276,Male,bjaquindd
Danya Graalmans,Dayuan,899-707-3561,Female,dgraalmansde
Fayina Travis,Novaya Mayna,578-670-0405,Female,ftravisdf
Kelci Bolf,Dongjin,350-629-8933,Female,kbolfdg
Graehme Dessaur,Cikuya,219-856-8048,Male,gdessaurdh
Tiff Poveleye,Wysokie Mazowieckie,638-547-6641,Female,tpoveleyedi
Dav Hush,Madrid,415-990-6719,Male,dhushdj
Manolo Fowells,Kangān,896-828-7721,Male,mfowellsdk
Lonnie Cassar,Ke’erlun,163-338-9752,Female,lcassardl
Meryl Prendiville,Miaotang,892-579-1936,Male,mprendivilledm
Grove Peegrem,Tandzut,806-630-5024,Male,gpeegremdn
Fredra Tomczykowski,Shifang,300-763-3453,Female,ftomczykowskido
Obadiah Hagart,Kolomyya,830-742-3963,Male,ohagartdp
Waylan O'Hanlon,Uppsala,780-402-6869,Male,wohanlondq
Erwin Winfindale,Huagu,300-597-5980,Male,ewinfindaledr
Cathlene Crossdale,Minyat an Naşr,534-793-8486,Female,ccrossdaleds
Nettle Rubinow,Itacurubí del Rosario,747-695-3362,Female,nrubinowdt
Mahmud Tallow,Mingora,942-517-2061,Male,mtallowdu
Abbe Moreside,Cruzeiro,703-429-8116,Female,amoresidedv
Lanny Folshom,Barroco,975-578-5163,Male,lfolshomdw
Gunther Corden,Dengtang,438-310-8388,Non-binary,gcordendx
Magda Benford,Ambatondrazaka,977-232-5653,Female,mbenforddy
Kimball Matthiae,Ciparasi,415-340-4355,Male,kmatthiaedz
Georgy McClancy,Grujugan,652-640-2579,Non-binary,gmcclancye0
Gwendolen Buckel,Mirandopólis,601-977-6647,Female,gbuckele1
Tootsie Derkes,Monte de Fralães,788-470-5997,Female,tderkese2
Morgen Orton,Larkird,880-554-2008,Male,mortone3
Andris Sommerlin,Bua Yai,158-743-6928,Male,asommerline4
Tony Crutchfield,Lendava,297-451-1617,Polygender,tcrutchfielde5
Siouxie Buttle,Dijon,256-839-9297,Female,sbuttlee6
Yance Myall,Tangwang,386-567-4052,Male,ymyalle7
Dedra Pilbury,Chiri-Yurt,853-403-9914,Female,dpilburye8
Greggory Jillins,Rzgów,219-326-4942,Male,gjillinse9
Cathee Eskrigg,Pinara,670-880-1427,Female,ceskriggea
Valentine Fyall,Petrodvorets,438-434-9975,Male,vfyalleb
Rey Aumerle,Osiek,438-693-0340,Female,raumerleec
Ilysa Brozsset,Nysa,623-377-3497,Genderfluid,ibrozsseted
Luca Jowers,Vukatanë,189-770-9594,Male,ljowersee
Bartholomeo Wanderschek,Askainen,120-150-0653,Male,bwanderschekef
Dene O'Hagirtie,Yushugou,737-722-9479,Male,dohagirtieeg
Gage Yegorkov,Lammi,261-637-3819,Polygender,gyegorkoveh
Sheelah Wyper,Amieira,659-528-8108,Female,swyperei
Tessa Ollington,Balong,437-295-4647,Female,tollingtonej
Bettine Bromidge,Pingshui,171-623-3342,Agender,bbromidgeek
Ellis De Dantesie,Wugong,960-789-3338,Male,edeel
Laryssa Aizikov,Milove,507-595-0491,Female,laizikovem
Renee Grichukhin,Xiaruyue,579-629-6561,Female,rgrichukhinen
Stacey Cordero,Xiamao,667-433-7892,Female,scorderoeo
Eleonora Bosher,Xiage,105-619-8977,Female,ebosherep
Buck Skone,Gramaços,923-371-9538,Male,bskoneeq
Maximilien Nanni,Vis,545-394-4689,Male,mnannier
Hyacinthie Hoyles,Zalţan,605-272-2880,Female,hhoyleses
Esta Ducarne,Sandakan,716-840-2759,Female,educarneet
Carey Pigdon,La Soledad,349-389-1432,Female,cpigdoneu
Nigel Brownsall,Minneapolis,612-475-7583,Male,nbrownsallev
Becca Bartle,Shalizhai,987-348-9589,Female,bbartleew
Keenan Ellingham,Margate,644-524-7687,Male,kellinghamex
Keene Jansens,Uritsk,927-913-8832,Male,kjansensey
Noemi Spinke,Cipinang,800-647-0773,Female,nspinkeez
Rahal Inett,Tambo,282-562-2958,Female,rinettf0
Quinton Davidi,Pskov,801-248-1929,Male,qdavidif1
Pete Felce,Katsuura,687-765-7064,Male,pfelcef2
Costanza Ianson,Quellouno,808-529-1288,Female,ciansonf3
Daisi Whitrod,‘Afrīn,854-882-7240,Female,dwhitrodf4
Kitty Corinton,Shun’ga,747-393-0006,Female,kcorintonf5
Perry Cardus,Sarukhan,309-905-1866,Female,pcardusf6
Franny Wordington,Flen,785-804-1173,Male,fwordingtonf7
Kelsey Tidridge,Luotaping,406-984-7239,Female,ktidridgef8
Anitra Hyndman,Garça,158-870-6014,Female,ahyndmanf9
Prent Frostdicke,Santa Cruz del Sur,363-144-1113,Polygender,pfrostdickefa
Roderich Robertsen,Knoxville,865-645-0819,Male,rrobertsenfb
Caryn Dunston,Hetang,441-509-5277,Female,cdunstonfc
Faber Letcher,Mokotów,275-363-1679,Male,fletcherfd
Marti Robrow,Uherský Brod,200-626-0778,Female,mrobrowfe
Maxwell Russam,Chengui,735-900-6304,Male,mrussamff
Jamey Bellanger,Yarmolyntsi,715-182-5144,Male,jbellangerfg
Sybilla Tapper,Maoshan,917-516-9454,Female,stapperfh
Philomena MacKibbon,Pjanići,996-909-5358,Female,pmackibbonfi
Cyndie Meffan,Blahodatne,145-803-7464,Female,cmeffanfj
Erastus Hexam,Huruta,125-105-4175,Genderqueer,ehexamfk
Roderigo Sherrott,Baiyun,232-650-8386,Male,rsherrottfl
Brena Thunders,Jieheshi,119-530-4586,Female,bthundersfm
Hamish Tassaker,Media Luna,710-504-2241,Non-binary,htassakerfn
Eugenius Stroton,Seattle,206-545-8300,Male,estrotonfo
Bran Flasby,San Bernardino,954-809-0859,Male,bflasbyfp
Dalenna Menego,Rājshāhi,527-773-7321,Female,dmenegofq
Verney Ringer,Baima,416-301-1443,Male,vringerfr
Shela Newick,Světlá nad Sázavou,766-176-1181,Female,snewickfs
Drucy Kirtlan,Luzhuangzi,182-955-7094,Female,dkirtlanft
Nikolas Mouncey,Veselí nad Lužnicí,127-604-2204,Male,nmounceyfu
Selig Trevarthen,Tomaszów Lubelski,984-681-7197,Male,strevarthenfv
Sargent Swithenby,Lugang,836-327-6420,Male,sswithenbyfw
Sonya Itzhayek,Bangshipu,908-377-2906,Agender,sitzhayekfx
Standford Durram,Valle de Ángeles,373-227-9085,Male,sdurramfy
Gray McGrory,Souto da Costa,309-804-0832,Male,gmcgroryfz
Cass Riach,Bastia,365-304-1922,Male,criachg0
Karna Mattiacci,Chaiyaphum,451-845-5993,Female,kmattiaccig1
Pierce Braunter,Sam Phran,928-571-6854,Male,pbraunterg2
Michelle Gero,Insrom,232-254-7058,Female,mgerog3
Brennen Coyte,Beijie,337-756-4320,Bigender,bcoyteg4
Dixie Coltart,Fovissste,627-501-8606,Female,dcoltartg5
Stearne Garlee,Qiaonan,488-763-2561,Male,sgarleeg6
Louisette Beadle,Klana,107-335-8312,Polygender,lbeadleg7
Kristos Liley,Muurame,135-553-6864,Male,klileyg8
Ritchie Galletly,Pajannangger,250-116-1625,Male,rgalletlyg9
Kayle Dekeyser,Dubrovka,870-880-3359,Female,kdekeyserga
Genovera Pietraszek,Montbrison,585-672-3262,Female,gpietraszekgb
Valerye Castells,Amsterdam Binnenstad en Oostelijk Havengebied,606-585-1331,Female,vcastellsgc
Birgit Boulde,Arys,622-523-3265,Female,bbouldegd
Berkly Hanscome,Petung,146-712-5477,Male,bhanscomege
Nalani Rannells,Mariestad,661-243-4529,Female,nrannellsgf
Pierson Rikard,Yichun,296-594-9305,Male,prikardgg
Caspar Syder,Mbigou,975-500-7115,Male,csydergh
Sasha Tough,Urug,129-197-5928,Male,stoughgi
Bev Champley,Gardēz,523-955-7433,Male,bchampleygj
Anjela Kither,Kiten,714-551-8812,Polygender,akithergk
Ferdy Matusson,Zmiyëvka,576-206-6151,Male,fmatussongl
Emelyne Neave,L'Assomption,204-739-3224,Agender,eneavegm
Julissa Breagan,Kolor,821-684-0563,Female,jbreagangn
Zolly Sparham,Mathba,764-174-4404,Non-binary,zsparhamgo
Kinna Woehler,Huanshi,960-283-3916,Female,kwoehlergp
Farr Kennaway,Xiushi,394-113-9663,Male,fkennawaygq
Vasilis Adamowicz,San Isidro,489-974-2428,Male,vadamowiczgr
Derry Rogister,Huwan,354-550-9498,Male,drogistergs
Dudley Hargie,Bensonville,150-812-5821,Male,dhargiegt
Lila Dilworth,Turba,335-937-0829,Female,ldilworthgu
Padgett Maccaig,Bogra,125-464-5547,Male,pmaccaiggv
Wallie Clemas,Picungbera,247-899-5486,Male,wclemasgw
Janice Lipmann,Ózd,470-548-2947,Female,jlipmanngx
Willy Oylett,Limboto,750-971-4022,Female,woylettgy
Bride Kenford,Barotac Nuevo,865-148-0435,Female,bkenfordgz
Consolata Osborn,Lugovskoy,862-246-5237,Female,cosbornh0
Christiano Dicken,Strellc i Ulët,861-408-9159,Male,cdickenh1
Hayden Paish,Yanglinqiao,273-718-0081,Male,hpaishh2
Yvon Scone,Pyongyang,882-462-7093,Male,ysconeh3
Quintilla Takos,Węgliniec,787-324-9084,Female,qtakosh4
Fifi Guthrum,Negara,194-314-5183,Female,fguthrumh5
Petronille Betteriss,Huaquillas,319-584-7584,Female,pbetterissh6
Carline Macewan,Lin’an,565-568-0037,Female,cmacewanh7
Andria Eastcourt,Longxi,319-344-8650,Female,aeastcourth8
Sarine Cran,Loznitsa,188-972-1588,Female,scranh9
Darda Puddicombe,Étampes,201-879-5481,Female,dpuddicombeha
Sande Pulsford,Laba Goumen,970-603-6852,Female,spulsfordhb
Wilton Hubberstey,Czarnożyły,702-474-3514,Male,whubbersteyhc
Cathlene Kleeman,Pedreira,822-686-6848,Genderfluid,ckleemanhd
Anna-diana Jory,Gusev,231-702-9356,Female,ajoryhe
Vin Shermar,Lindavista,731-108-4263,Male,vshermarhf
Christye Leveritt,Suchedniów,586-157-4564,Female,cleveritthg
Billy Vango,Adraskan,700-364-1633,Female,bvangohh
Granger McIlhatton,Baiyin,121-126-6208,Male,gmcilhattonhi
Rhoda McReynolds,Uliastay,744-970-1224,Female,rmcreynoldshj
Curran Fuchs,Stěbořice,470-339-4291,Male,cfuchshk
Karlene Errey,Saripin,300-739-9346,Female,kerreyhl
Ludvig Grandisson,Iksan,102-334-7734,Male,lgrandissonhm
Skippy Reape,Talibura,811-588-0098,Male,sreapehn
Jenni Gier,Bantarpanjang,944-267-5191,Female,jgierho
Philippa Charlon,Kolumbug,852-838-7944,Female,pcharlonhp
Jerry Syder,Wangchang,119-135-7564,Female,jsyderhq
Darb Reimers,Grenoble,811-531-8429,Female,dreimershr
Kimberley Heake,Åstorp,245-975-1646,Female,kheakehs
Lyle Boanas,Lahuaytambo,328-942-9839,Male,lboanasht
Humfrid Hachard,Goianira,380-446-9995,Genderqueer,hhachardhu
Glori Scadding,Aroeira,679-825-9579,Polygender,gscaddinghv
Dollie Mold,Novikovo,680-590-3998,Female,dmoldhw
Thorvald Sanney,Eastern Suburbs Mc,771-925-7402,Male,tsanneyhx
Vally O'Scollain,Ancasti,847-484-2661,Female,voscollainhy
Lainey Ineson,Simi Valley,805-148-3322,Female,linesonhz
Hermione Studdert,Martaban,992-874-7951,Female,hstudderti0
Ericka O'Cridigan,Karangdalam,220-833-3366,Female,eocridigani1
Kimbell Blodgett,Vukovar,856-920-7581,Male,kblodgetti2
Evangelina Kalderon,Al Qiţena,296-282-2667,Female,ekalderoni3
Doralyn Kulver,Cibeureum Kidul,695-596-2779,Female,dkulveri4
Milli Hatliff,Bayan,538-934-6532,Female,mhatliffi5
Roley Ferrarin,Garcia Hernandez,530-734-2738,Male,rferrarini6
Kim Stoggles,Seulimeum,390-850-5964,Male,kstogglesi7
Kendrick Fenners,Czechowice-Dziedzice,631-463-7729,Male,kfennersi8
Sella Lynam,Périgueux,955-995-9385,Female,slynami9
Iormina Cankett,Irahuan,665-467-8912,Female,icankettia
Marguerite Mounce,Changtan,921-478-0687,Female,mmounceib
Hildagard Egre,Tunggar,499-782-6818,Female,hegreic
Shaughn Arendsen,Rosario del Ingre,960-417-6504,Male,sarendsenid
Theodor Yakobovitz,Jastrzębia,607-553-3096,Male,tyakobovitzie
Prentice Weth,Whitegate,967-340-0018,Male,pwethif
Geri Tire,Ōme,989-122-7886,Male,gtireig
Cybil McCann,Donggaocun,406-389-7871,Female,cmccannih
Torrence Gainsburgh,Umbanyar,213-489-0249,Male,tgainsburghii
Arabela Waterhouse,Cimrutu,538-547-2902,Female,awaterhouseij
Tobiah Brasted,Donglu,815-333-3845,Male,tbrastedik
Adey Uttridge,Gaoliang,113-701-0126,Female,auttridgeil
Ellette Kynman,Long’anqiao,193-516-9630,Female,ekynmanim
Mair Eakin,Amucao,180-707-9640,Female,meakinin
Zared Grigoryov,Tandou,822-357-1081,Male,zgrigoryovio
Koral Vitte,Māymay,291-114-7033,Female,kvitteip
Curr Staley,Eirol,263-357-8076,Male,cstaleyiq
Lynnet Weaben,Ostankinskiy,315-793-2057,Female,lweabenir
Kathi Shinn,Forécariah,914-854-9070,Female,kshinnis
Zolly Dorrity,Taldyqorghan,411-329-0084,Male,zdorrityit
Coletta Bosley,Yangmiao,992-806-9668,Female,cbosleyiu
Heath Iban,Ouagadougou,115-182-3306,Male,hibaniv
Faydra Vockings,Paraiso,812-830-8948,Female,fvockingsiw
Michel Brigginshaw,Ngô Đồng,283-188-5667,Male,mbrigginshawix
Harley Tallyn,Olinda,261-727-3734,Male,htallyniy
Vinni Lamonby,Jilma,195-861-3249,Female,vlamonbyiz
Boot Darrell,Voznesen’ye,843-485-8634,Male,bdarrellj0
Noami Gohier,Silodakon,733-391-1183,Female,ngohierj1
Roderick Danilishin,Malax,267-831-1145,Non-binary,rdanilishinj2
Padget Beeden,Jasienica Rosielna,850-422-8884,Male,pbeedenj3
Mackenzie Mac Giany,Santa Monica,221-847-4736,Male,mmacj4
Benedick Christaeas,Khān Yūnis,409-863-3791,Agender,bchristaeasj5
Catarina Schollick,West Palm Beach,772-359-4700,Female,cschollickj6
Paco McArt,Anserma,218-106-9728,Male,pmcartj7
Guy Frossell,Verkhnya Syrovatka,675-422-0700,Male,gfrossellj8
Rayner Osgarby,Palaífyto,812-514-7115,Male,rosgarbyj9
Elset Le Breton De La Vieuville,Aliwal North,605-423-1644,Genderqueer,eleja
Alisa Neal,Harbin,410-147-8182,Female,anealjb
Scotti Cosin,Lumbatan,872-289-8358,Male,scosinjc
Lizette Rocco,Cassilândia,567-707-1261,Female,lroccojd
Donnamarie Fost,Staryy Sambor,344-724-6408,Female,dfostje
Care Ellis,Jinzhou,262-264-0792,Male,cellisjf
Jemie Moakes,Quezon City,987-802-3654,Female,jmoakesjg
Sharline Gallant,Staraya Toropa,531-610-8867,Female,sgallantjh
Land Danko,Al Qadarif,820-145-4870,Male,ldankoji
Rania Vlasyev,Sumberjeruk,139-639-1876,Female,rvlasyevjj
Marla Sellman,Chrzanów,622-703-2613,Female,msellmanjk
Matthieu Ickovicz,Xiaojin,618-129-8343,Male,mickoviczjl
Zebulen Ortsmann,Beyla,559-724-6347,Male,zortsmannjm
Wilton Olufsen,Sumbersewu,833-267-4145,Male,wolufsenjn
Northrop Sealy,Novorossiysk,834-749-3333,Male,nsealyjo
Carson Mulran,Puzi,675-513-6604,Male,cmulranjp
Adriana Playfoot,Shangying,880-827-6551,Non-binary,aplayfootjq
Johnathon Entissle,Lupak,818-119-3661,Male,jentisslejr
Annalee Rubes,Bhokadoke,103-398-5083,Non-binary,arubesjs
Alexio Langlands,Yangkang,652-359-0809,Male,alanglandsjt
Jojo Lung,Lentisqueira,427-233-2718,Female,jlungju
Lisa Loakes,Medalem,752-673-8594,Female,lloakesjv
Kiley Simonett,Uluarang,532-248-1634,Male,ksimonettjw
Jolene Rait,Taytayan,645-688-0770,Female,jraitjx
Perceval Aldwich,Pęczniew,482-421-4443,Male,paldwichjy
Shawna Hennington,Chemal,139-659-3520,Female,shenningtonjz
Stace Offin,Fonte do Feto,435-628-3281,Female,soffink0
Lamont Wearn,Hồ Xá,780-405-6230,Male,lwearnk1
Kiersten Grigolli,Pittsburgh,412-443-7057,Female,kgrigollik2
Brigida Garz,Sokol’niki,533-113-6730,Female,bgarzk3
Marinna Dyble,Rybatskoye,942-722-1545,Female,mdyblek4
Kermie Niesegen,Saraqinishtë,612-837-5874,Male,kniesegenk5
Evangelia Kiddey,Udënisht,294-192-0822,Female,ekiddeyk6
Griff Fligg,Sancha,513-886-2321,Male,gfliggk7
Ania Huddart,Minian,444-518-8123,Female,ahuddartk8
Perri Snow,Benito Juarez,984-920-2743,Female,psnowk9
Cindi Bradshaw,Krahës,981-800-4515,Female,cbradshawka
Hugues Gracey,Fontenay-sous-Bois,307-918-3842,Male,hgraceykb
Avis Birchill,Boñgalon,687-105-1483,Female,abirchillkc
Elvin Janton,Banjar Bau Kawan,760-708-5846,Male,ejantonkd
Darci Colvill,Guiping,180-353-3874,Female,dcolvillke
Lamar Steels,Duogongma,929-459-3805,Male,lsteelskf
Thatch Tetlow,Hyżne,721-471-2102,Male,ttetlowkg
Bord Dayment,Ostrov,702-838-2180,Genderfluid,bdaymentkh
Violante Enrich,Pirapora,528-615-6769,Female,venrichki
Shurlocke Sudddard,Sanlanbahai,316-277-8409,Male,ssudddardkj
Dalia Mathely,Tongqiao,151-615-4032,Female,dmathelykk
Galvin Methley,Anyama,514-821-7420,Male,gmethleykl
Sandie Beck,Daraitan,273-599-7001,Agender,sbeckkm
Joellen Bartosch,Hainan,830-371-2797,Genderfluid,jbartoschkn
Ozzie Sandever,Osnabrück,329-234-6040,Male,osandeverko
Alidia Baggs,Leticia,473-833-9254,Female,abaggskp
Baron Di Ruggero,Carapo,931-443-8419,Male,bdikq
Rania Blenkharn,Topi,390-665-1789,Female,rblenkharnkr
Cathlene Kinker,Chang Klang,333-758-4582,Female,ckinkerks
Jake Ghelarducci,Sarulla,125-820-7594,Non-binary,jghelarduccikt
Izzy Suero,Apoya,318-996-7138,Male,isueroku
Isabella Haddick,Agua Buena,356-306-0466,Female,ihaddickkv
Carlin Abrahamian,Berlin,673-394-2143,Female,cabrahamiankw
Patrizius Anselmi,Reconquista,712-941-6371,Male,panselmikx
Ozzie Jankin,Ḩarastā,694-320-8531,Male,ojankinky
Mellicent O'Mara,Qiligang,494-338-5111,Female,momarakz
Rebekkah Farrar,Leone,649-782-6336,Female,rfarrarl0
Harald Grunbaum,Rosebank,843-104-5044,Male,hgrunbauml1
Lavina Mora,Angkahgede,817-627-0055,Female,lmoral2
Madeline Haigh,Delft,730-147-4909,Female,mhaighl3
Blanche Saintsbury,Halmstad,950-762-9220,Female,bsaintsburyl4
Dare Howard - Gater,La Guama,289-655-8284,Male,dhowardl5
Audrey Dearlove,Zhongcun,194-592-6544,Female,adearlovel6
Colver Le Gassick,Qarāwul,196-142-4906,Male,clel7
Leonerd Ivanyukov,Tangban,720-943-9259,Male,livanyukovl8
Laurence Gritton,Yuezhao,303-983-6269,Male,lgrittonl9
Electra Boyet,Troyes,434-289-5998,Female,eboyetla
Caye Chaikovski,Timashëvsk,742-797-1131,Female,cchaikovskilb
Donal Bonnet,Yushugou,242-945-0367,Genderqueer,dbonnetlc
Rhys Cyson,Ilām,117-768-9453,Male,rcysonld
Guillermo Childs,Santa Maria,514-801-8050,Male,gchildsle
Sonja Liddyard,Balazar,975-993-2905,Female,sliddyardlf
Maia Sickamore,Vyaz’ma,765-225-7230,Female,msickamorelg
Norah Woolbrook,Terre Haute,812-901-5295,Non-binary,nwoolbrooklh
Judi Cisneros,São José,583-636-1911,Female,jcisnerosli
Lindsay Stones,Nuga,350-798-7925,Male,lstoneslj
Amata Lilly,Ouango,944-912-1734,Agender,alillylk
Lemuel Eck,Sopo,826-924-8598,Male,leckll
Grace Beldum,Bularit,891-861-8517,Polygender,gbeldumlm
Georgi Presswell,Halmstad,250-749-5810,Male,gpresswellln
Glenn Gales,Biru,112-602-3681,Female,ggaleslo
Glenden Speachley,Eastern Suburbs Mc,631-115-2007,Male,gspeachleylp
Raynell Glenny,Matviyivka,387-969-4494,Female,rglennylq
Brynna Hearley,Norrköping,731-793-4958,Polygender,bhearleylr
Steffane Bartolomeo,Juuka,610-458-0186,Female,sbartolomeols
Benjie Niezen,Si Thep,347-895-5609,Male,bniezenlt
Humfrid Killough,Motala,223-841-2142,Male,hkilloughlu
Tatum Artist,Tamaulipas,185-617-1507,Female,tartistlv
Athene Volkers,Loutráki,732-354-5734,Female,avolkerslw
Shina Woodbridge,Xinxi,573-880-4448,Female,swoodbridgelx
Jasmin McKinnon,Noebana,237-639-8808,Female,jmckinnonly
Sherie Mayoral,Medan,595-706-3051,Bigender,smayorallz
Sigmund Donnersberg,Ålesund,331-603-6371,Male,sdonnersbergm0
Angie Farris,Hinunangan,528-971-5098,Female,afarrism1
Erie Alonso,Waepana,225-134-8234,Male,ealonsom2
Correy Darwen,Mengxi,386-740-9130,Male,cdarwenm3
Inglis Eby,Iguape,888-750-5932,Male,iebym4
Teena Whellams,Uzda,466-755-6173,Agender,twhellamsm5
Euell Funcheon,Lapid,525-882-9530,Male,efuncheonm6
Derk Whyman,An Nāşirah,154-357-9572,Male,dwhymanm7
Collin Basford,Sarulla,326-303-9941,Male,cbasfordm8
Husein Tamas,Pishaj,821-203-0210,Male,htamasm9
Ronni Alder,Jiangshan,850-811-0949,Female,ralderma
Lynnea Crum,Arkalyk,274-940-0814,Female,lcrummb
Mable Oleszkiewicz,Fundong,779-479-3766,Female,moleszkiewiczmc
Alvie Risebrow,Lokokrangan,704-785-3359,Male,arisebrowmd
Keene Gee,Nanshan,128-180-9438,Male,kgeeme
Dennie Jorn,Addiet Canna,727-727-8294,Male,djornmf
Quintana Summerton,Wanglian,395-589-8505,Female,qsummertonmg
Glad Greenhalgh,Cicheng,781-916-4564,Female,ggreenhalghmh
Dallis Petrasso,Yokkaichi,833-589-0316,Male,dpetrassomi
Byram Briiginshaw,Núi Sập,459-606-8637,Male,bbriiginshawmj
Josefa Poon,Jinshanwei,939-486-6813,Female,jpoonmk
Daffi Howton,Xianbao,478-563-1131,Female,dhowtonml
Slade Goreway,Hanyin Chengguanzhen,288-353-2732,Male,sgorewaymm
Muffin Ebi,Kertanegla,373-946-4404,Male,mebimn
Decca Wernher,Guanabacoa,547-430-1993,Male,dwernhermo
Linea Verey,Mishan,536-755-8747,Female,lvereymp
Humfried Gimlet,Tolomango,681-641-1620,Male,hgimletmq
Laurene Seegar,Vân Đình,538-750-8195,Bigender,lseegarmr
Maryanna Leer,Bakadagy,953-367-3230,Female,mleerms
Arabelle Fautly,Prosperidad,892-365-4553,Female,afautlymt
Lucia Ranns,Zhuping,819-953-2320,Bigender,lrannsmu
Colby Buesnel,Yakovlevo,905-615-8257,Male,cbuesnelmv
Mil Jugging,Skwierzyna,701-757-9008,Non-binary,mjuggingmw
Blakeley Pimlock,Kaindy,280-565-4262,Female,bpimlockmx
Maureen Tampin,Ol’ginskaya,804-857-5439,Female,mtampinmy
Corny Filer,Montenegro,771-513-0825,Female,cfilermz
Latashia Autie,Montes,135-514-4451,Female,lautien0
Meggie Beagan,Gävle,344-524-3754,Female,mbeagann1
Leonerd Beacroft,Danglang Hudong,568-196-6082,Male,lbeacroftn2
Dina Gisbourn,Chruszczobród,240-807-3350,Female,dgisbournn3
Timmy Skin,Triwil,212-698-9327,Genderqueer,tskinn4
Mikael Marnane,Bílovec,623-675-6664,Male,mmarnanen5
Alford Haslewood,Cinyasag,791-965-0923,Male,ahaslewoodn6
Lonnard Laffranconi,Pancoran,107-548-8012,Male,llaffranconin7
Giulio Spiers,Longra,273-192-3723,Male,gspiersn8
Harald Hourihan,Quitilipi,853-724-0376,Male,hhourihann9
Travers Allsup,Laborie,726-726-4739,Male,tallsupna
Reinhold Teape,Dongming Chengguanzhen,698-942-2240,Male,rteapenb
Wyn Gouny,Negreiros,985-696-3121,Male,wgounync
Jackson Michurin,Belfast,730-179-7168,Male,jmichurinnd
Aarika Ogilby,Cambrai,991-238-5899,Female,aogilbyne
Reuben Mullenger,Haozigang,250-302-3222,Male,rmullengernf
Klarika Baglow,Tinumpuk,187-834-2407,Female,kbaglowng
Drew De Courtney,Boa Viagem,138-627-6945,Male,ddenh
Yorker Barsam,Santa Vitória do Palmar,871-319-1211,Male,ybarsamni
Gawen Klimschak,Esposende,716-895-7075,Male,gklimschaknj
Rufus Baude,Sarapul,441-313-9157,Male,rbaudenk
Estelle Trowle,Donskoye,505-111-6622,Female,etrowlenl
Skippy Tuckey,Sidomulyo,330-963-2015,Male,stuckeynm
Teddy Pollitt,Panshi,910-614-8891,Male,tpollittnn
Maddi Chelsom,Pandean,610-261-4559,Female,mchelsomno
Arnoldo McKeating,Rybache,470-269-6017,Male,amckeatingnp
Beret Fullard,Laboulaye,802-481-9013,Female,bfullardnq
Kariotta Doyle,Degerfors,703-399-1931,Female,kdoylenr
Karla Tite,Ratchasan,965-526-5246,Non-binary,ktitens
Tristan Cayford,Ngamba,202-937-4060,Male,tcayfordnt
Ernie Glasspool,Jungkat Selatan,400-528-6790,Male,eglasspoolnu
Drucie Every,Wilmington,910-809-9473,Female,deverynv
Cheryl Jacquet,Jeziorany,214-232-5492,Polygender,cjacquetnw
Rosamund Bramsom,Ārt Khwājah,194-987-6123,Bigender,rbramsomnx
Welch Jedrzejewicz,Yunshan,495-203-5436,Male,wjedrzejewiczny
Bald Ruzek,Matina,149-203-9096,Male,bruzeknz
Sol Lake,Wushi,554-597-0012,Male,slakeo0
Vlad Straughan,Qozonketkan,669-935-4553,Male,vstraughano1
Paulina Watchorn,Melaka,864-843-5768,Female,pwatchorno2
Stavro Eppson,San Antonio de los Cobres,621-762-5926,Male,seppsono3
Benjamen Vedeniktov,Évry,844-154-5217,Male,bvedeniktovo4
Willi Grinaway,Tsimasham,446-403-6480,Male,wgrinawayo5
Hester Brookton,Kostanay,399-526-8700,Female,hbrooktono6
Mikaela Seldon,Fale old settlement,985-251-2686,Female,mseldono7
Raymund Chesshire,Tirah,775-125-1377,Male,rchesshireo8
Heriberto Lyons,Kista,237-911-3743,Male,hlyonso9
Katya Bleaden,Bururi,136-400-8570,Genderqueer,kbleadenoa
Dee Airdrie,Qingxi,244-908-7074,Female,dairdrieob
Georg Bedding,At Tāj,838-433-8681,Male,gbeddingoc
Corri Urey,Nanxindian,565-415-6156,Female,cureyod
Donovan Goricke,Svirsk,736-630-1658,Male,dgorickeoe
Bartlet Thecham,Paço,213-806-5226,Non-binary,bthechamof
Witty MacNelly,Lena,731-401-1747,Male,wmacnellyog
Mathew Ponten,Yaozhuang,776-510-6937,Male,mpontenoh
Delano Grattage,Morangis,698-244-6627,Polygender,dgrattageoi
Bastian Colson,Repelón,387-993-5204,Male,bcolsonoj
Austina Feige,Pul-e Sangī,762-852-5683,Female,afeigeok
Reg Eastop,Tene,526-637-8868,Male,reastopol
Benson Kerridge,Västerås,125-929-2939,Male,bkerridgeom
Gnni Feek,Dayuan,696-333-8536,Female,gfeekon
Rosabel Hatto,Belgrade,720-510-3022,Female,rhattooo
Paten Da Costa,Munde,275-866-0737,Male,pdaop
Scotty Alwell,Tarsouat,964-951-4270,Non-binary,salwelloq
Inez Crucetti,Pederneiras,105-106-3537,Female,icrucettior
Penny Halvosen,Bayeux,127-397-3591,Male,phalvosenos
Eward Garforth,Bhadrapur,986-878-6413,Male,egarforthot
Kennie Weightman,Bugembe,292-282-9977,Male,kweightmanou
Kerry Turn,Pappadátes,371-626-2555,Female,kturnov
Indira Lamp,Abua,181-132-3065,Female,ilampow
Sarena Ponton,Hörby,585-910-6908,Female,spontonox
Killy Doel,Oslo,839-611-1264,Male,kdoeloy
Belia Chimenti,Vila Nova de Gaia,223-590-0628,Female,bchimentioz
Gleda Ellse,Clearwater,305-109-0925,Female,gellsep0
Tamqrah Laise,Gaoming,552-511-9981,Female,tlaisep1
Son Ronci,Chvalšiny,765-178-5579,Male,sroncip2
Gaby Monro,Sidaohezi,190-164-8126,Genderqueer,gmonrop3
Eileen Suerz,Santo Tomas,932-237-3903,Female,esuerzp4
Catherina Franks,Mamanguape,799-305-4476,Female,cfranksp5
Kamillah Klehyn,Lameira,122-147-6055,Female,kklehynp6
Dewie Schrader,Soledad,244-926-7192,Male,dschraderp7
El Palia,Petrovsk,774-761-6727,Male,epaliap8
Aubert Brinkworth,Pau,449-381-8878,Genderfluid,abrinkworthp9
Meggy Cobbled,Kościerzyna,914-511-4296,Female,mcobbledpa
Emmit Farrears,Sumberngerjat,867-502-3336,Male,efarrearspb
Alidia Bruineman,Khelyulya,663-776-7082,Female,abruinemanpc
Nikki Carine,Bantal,533-261-2483,Female,ncarinepd
Wallace Freckelton,Shimen,218-263-4631,Male,wfreckeltonpe
Georgeta McCaskill,Nanjin,988-771-7374,Female,gmccaskillpf
Lynnett Sollime,Yan Nawa,560-439-1116,Female,lsollimepg
Annalise Ogilby,Kungsbacka,158-779-6854,Female,aogilbyph
Patrick Meace,Sinop,850-201-9753,Male,pmeacepi
Nari Kitt,Kista,167-513-2225,Female,nkittpj
Peadar Scotts,Jincheng,755-923-4370,Male,pscottspk
Schuyler Rhodes,Budapest,741-681-6511,Male,srhodespl
Allin Peyntue,Shajing,307-286-5770,Male,apeyntuepm
Dar Dissman,Ambato Boeny,719-744-6740,Male,ddissmanpn
Belita Shreeve,Kendari,269-803-1577,Female,bshreevepo
Dewey Harbord,Matala,959-979-2600,Male,dharbordpp
Michele Sawdy,Saumur,878-552-9085,Male,msawdypq
Eddy Pitchers,Nezlobnaya,358-479-6519,Genderfluid,epitcherspr
Pablo Matusevich,San Javier,577-290-7283,Male,pmatusevichps
Beltran Sharpley,Horqueta,921-751-3760,Male,bsharpleypt
Nero Lippett,Shangtianba,744-241-8638,Male,nlippettpu
Sephira Olijve,Topi,959-875-5967,Female,solijvepv
Kipp Eldred,Secang Barat,608-527-6781,Non-binary,keldredpw
Rosanna Vairow,Lodja,670-522-1499,Genderqueer,rvairowpx
Garrott Giraldon,Kímolos,436-864-4702,Male,ggiraldonpy
Baron Quinn,Ciparasi,260-872-5101,Male,bquinnpz
Dianemarie Slane,Feyẕābād,374-156-6714,Female,dslaneq0
Stanislaw Bierman,Barra do Bugres,285-955-9350,Male,sbiermanq1
Linn Ternent,Ma’an,243-589-9574,Female,lternentq2
Jonathan Gomery,Bromma,671-698-6230,Male,jgomeryq3
Horatio Burrow,Tornio,479-194-7824,Male,hburrowq4
Fredrick Zapatero,Tempeh Tengah,187-219-0290,Male,fzapateroq5
Nickie Cristoforetti,Svatava,499-344-9769,Bigender,ncristoforettiq6
Clarke Calleja,Obollo-Afor,958-929-2996,Polygender,ccallejaq7
Roman Heavy,Huancaray,779-973-2432,Male,rheavyq8
Lewie Albasini,Mozdok,994-157-3303,Male,lalbasiniq9
Fina Cornu,Muranovo,302-897-0512,Female,fcornuqa
Gene Beushaw,Pittsburgh,412-848-5367,Bigender,gbeushawqb
Adelbert Grayling,Ashmūn,681-321-2392,Male,agraylingqc
Maren Dahler,San Agustín,831-416-4855,Female,mdahlerqd
Tamara Butler,Kikinda,624-289-7971,Female,tbutlerqe
Josephine Ewens,Pokrovka,736-907-7808,Female,jewensqf
Clary Brister,West Palm Beach,561-364-0106,Female,cbristerqg
Missie Faraker,Shipu,842-705-8497,Female,mfarakerqh
Meier Moubray,Mtinko,825-843-2034,Male,mmoubrayqi
Golda Wodeland,Sendang,723-894-2297,Female,gwodelandqj
Cloe Sawfoot,Paragominas,778-928-2262,Female,csawfootqk
Kathie Arnauduc,Tonggu,126-871-9765,Female,karnauducql
Nonnah Mangon,Gombong,808-837-3949,Female,nmangonqm
Immanuel Bernardini,Lille,566-955-7933,Male,ibernardiniqn
Micheil Husselbee,Koppies,412-568-5871,Male,mhusselbeeqo
Jeramie Blazewski,Is,873-605-7854,Polygender,jblazewskiqp
Devina Pettingall,Ashton,209-944-6888,Female,dpettingallqq
Micheline Jaine,Nerokoúros,246-700-6348,Female,mjaineqr
Eddy Stacey,Margahayukencana,601-524-6270,Female,estaceyqs
Nelie Stacey,Lincheng,724-173-1461,Female,nstaceyqt
Glenden Hunton,Myski,433-494-9206,Male,ghuntonqu
Abbie Andreotti,Bilbays,240-630-6530,Male,aandreottiqv
Wang Goldhill,Birni N Konni,334-646-5923,Male,wgoldhillqw
Benoite Waddoups,Liwan,520-916-4176,Female,bwaddoupsqx
Elnar Shepperd,Berbera,352-619-2423,Male,eshepperdqy
Glenine Langfield,Ibitinga,246-687-0795,Female,glangfieldqz
Jessalin Imlach,Costeira do Pirajubae,905-926-6436,Female,jimlachr0
Teddie Camilli,Huamachuco,257-632-2426,Male,tcamillir1
Korella Tremblot,Rongcheng,216-529-1849,Female,ktremblotr2
Ardyth De Paepe,Binkolo,989-509-8789,Female,ader3
Culley McKall,Maceda,855-692-8071,Male,cmckallr4
Meggy Goulbourne,Vathýlakkos,686-286-9934,Female,mgoulbourner5
Claudelle Billingsly,Bukavu,752-755-6902,Female,cbillingslyr6
Gayle Blown,Matsutō,730-133-9333,Male,gblownr7
Cristian Leyton,Rincón,371-921-6589,Male,cleytonr8
Killian Eagleston,Huangjin,328-274-8586,Male,keaglestonr9
Freda Sobieski,Nossa Senhora do Socorro,891-842-6972,Genderfluid,fsobieskira
Brittney Forrester,Pedro Santana,403-281-1825,Non-binary,bforresterrb
Brendin Battye,Gaoleshan,733-564-7909,Male,bbattyerc
Lancelot Pash,Phatthaya,345-698-5526,Male,lpashrd
Matthew Battye,Pinggirsari,703-551-6022,Genderqueer,mbattyere
Dorey Chetham,Al Finţās,646-803-6630,Male,dchethamrf
Barrie Alphonso,Sukasirna,794-332-9538,Bigender,balphonsorg
Giordano Walewicz,Novyy Svit,302-468-7400,Male,gwalewiczrh
Bailey Dawidowicz,Riangwale,851-595-5400,Male,bdawidowiczri
Raleigh Middup,Skuodas,802-623-1606,Male,rmidduprj
Philippe Learie,Gorshechnoye,587-250-5503,Female,plearierk
Donnajean Custed,Itapetininga,557-287-1237,Female,dcustedrl
Millard Chisnall,Rongcheng,148-445-9003,Male,mchisnallrm
Thorndike Ludvigsen,Zhanghekou,567-938-2730,Male,tludvigsenrn
Claudina Rottgers,Huomachong,109-721-8245,Female,crottgersro
Rebbecca Elsy,Dos Quebradas,207-620-3112,Female,relsyrp
Cletus Lear,Blachownia,790-434-7406,Male,clearrq
Goraud Barrows,Tubuhue,664-161-6845,Male,gbarrowsrr
